[
    {
        "nombre": "asas",
        "apellido": "asas",
        "direccion": "asas",
        "es_vip": true
    },
    {
        "nombre": "asdas",
        "apellido": "asdasd",
        "direccion": "dasas",
        "es_vip": true
    },
    {
        "nombre": "dasdas",
        "apellido": "asdasd",
        "direccion": "asdasd",
        "es_vip": true
    },
    {
        "nombre": "asdas",
        "apellido": "asdas",
        "direccion": "asdas",
        "es_vip": false
    },
    {
        "nombre": "agustin",
        "apellido": "rodriguez",
        "direccion": "no la se",
        "es_vip": true
    },
    {
        "nombre": "asdas",
        "apellido": "asdas",
        "direccion": "asdas",
        "es_vip": false
    },
    {
        "nombre": "agus",
        "apellido": "rodriguez",
        "direccion": "asas",
        "es_vip": true
    },
    {
        "nombre": "agustin",
        "apellido": "rodriguez",
        "direccion": "asdas",
        "es_vip": true
    },
    {
        "nombre": "asd",
        "apellido": "asdas",
        "direccion": "asd",
        "es_vip": false
    },
    {
        "nombre": "agustin",
        "apellido": "rodriguez",
        "direccion": "asdas",
        "es_vip": true
    },
    {
        "nombre": "agustin",
        "apellido": "rodriguez",
        "direccion": "nose",
        "es_vip": true
    },
    {
        "nombre": "agustin",
        "apellido": "rodriguez",
        "direccion": "nose",
        "es_vip": true
    },
    {
        "nombre": "asda",
        "apellido": "asdas",
        "direccion": "asdas",
        "es_vip": false
    }
]