[
    {
        "nombre": "Samsung S24+",
        "precio": 1200,
        "stock": 10
    },
    {
        "nombre": "Iphone 15+",
        "precio": 1550,
        "stock": 5
    },
    {
        "nombre": "Tablet",
        "precio": 300.0,
        "stock": 8
    },
    {
        "nombre": "Smart TV",
        "precio": 700,
        "stock": 3
    },
    {
        "nombre": "PC gamer",
        "precio": 2100,
        "stock": 12
    },
    {
        "nombre": "Auto",
        "precio": 5000,
        "stock": 20
    },
    {
        "nombre": "monopatin",
        "precio": 400.0,
        "stock": 7
    },
    {
        "nombre": "notebook",
        "precio": 2500.0,
        "stock": 2
    }
]